{
"size": 158351,
"size_gzipped": 35878,
"average_specificity": 8.123711340206185,
"average_rulesize": 1.7953488372093023,
"total_selector_count": 291,
"total_declaration_count": 386,
}